,symbol,date,open,high,low,close,volume,adjusted
1,TSLA,1/3/2023,118.4700012,118.8000031,104.6399994,108.0999985,231402800,108.0999985
2,TSLA,1/4/2023,109.1100006,114.5899963,107.5199966,113.6399994,180389000,113.6399994
3,TSLA,1/5/2023,110.5100021,111.75,107.1600037,110.3399963,157986300,110.3399963
4,TSLA,1/6/2023,103,114.3899994,101.8099976,113.0599976,220911100,113.0599976
5,TSLA,1/9/2023,118.9599991,123.5199966,117.1100006,119.7699966,190284000,119.7699966
6,TSLA,1/10/2023,121.0699997,122.7600021,114.9199982,118.8499985,167642500,118.8499985
7,TSLA,1/11/2023,122.0899963,125.9499969,120.5100021,123.2200012,183810800,123.2200012
8,TSLA,1/12/2023,122.5599976,124.1299973,117,123.5599976,169400900,123.5599976
9,TSLA,1/13/2023,116.5500031,122.6299973,115.5999985,122.4000015,180714100,122.4000015
10,TSLA,1/17/2023,125.6999969,131.6999969,125.0199966,131.4900055,186477000,131.4900055
11,TSLA,1/18/2023,136.5599976,136.6799927,127.0100021,128.7799988,195680300,128.7799988
12,TSLA,1/19/2023,127.2600021,129.9900055,124.3099976,127.1699982,170291900,127.1699982
13,TSLA,1/20/2023,128.6799927,133.5099945,127.3499985,133.4199982,138858100,133.4199982
14,TSLA,1/23/2023,135.8699951,145.3800049,134.2700043,143.75,203119200,143.75
15,TSLA,1/24/2023,143,146.5,141.1000061,143.8899994,158699100,143.8899994
16,TSLA,1/25/2023,141.9100037,146.4100037,138.0700073,144.4299927,192734300,144.4299927
17,TSLA,1/26/2023,159.9700012,161.4199982,154.7599945,160.2700043,234815100,160.2700043
18,TSLA,1/27/2023,162.4299927,180.6799927,161.1699982,177.8999939,306590600,177.8999939
19,TSLA,1/30/2023,178.0500031,179.7700043,166.5,166.6600037,230878800,166.6600037
20,TSLA,1/31/2023,164.5700073,174.3000031,162.7799988,173.2200012,196813500,173.2200012
21,TSLA,2/1/2023,173.8899994,183.8099976,169.9299927,181.4100037,213806300,181.4100037
22,TSLA,2/2/2023,187.3300018,196.75,182.6100006,188.2700043,217448300,188.2700043
23,TSLA,2/3/2023,183.9499969,199,183.6900024,189.9799957,232662000,189.9799957
24,TSLA,2/6/2023,193.0099945,198.1699982,189.9199982,194.7599945,186188100,194.7599945
25,TSLA,2/7/2023,196.4299927,197.5,189.5500031,196.8099976,186010300,196.8099976
26,TSLA,2/8/2023,196.1000061,203,194.3099976,201.2899933,180673600,201.2899933
27,TSLA,2/9/2023,207.7799988,214,204.7700043,207.3200073,215431400,207.3200073
28,TSLA,2/10/2023,202.2299957,206.1999969,192.8899994,196.8899994,204754100,196.8899994
29,TSLA,2/13/2023,194.4199982,196.3000031,187.6100006,194.6399994,172475500,194.6399994
30,TSLA,2/14/2023,191.9400024,209.8200073,189.4400024,209.25,216455700,209.25
31,TSLA,2/15/2023,211.7599945,214.6600037,206.1100006,214.2400055,181006400,214.2400055
32,TSLA,2/16/2023,210.7799988,217.6499939,201.8399963,202.0399933,229586500,202.0399933
33,TSLA,2/17/2023,199.9900055,208.4400024,197.5,208.3099976,213738500,208.3099976
34,TSLA,2/21/2023,204.9900055,209.7100067,197.2200012,197.3699951,180018600,197.3699951
35,TSLA,2/22/2023,197.9299927,201.9900055,191.7799988,200.8600006,191828500,200.8600006
36,TSLA,2/23/2023,203.9100037,205.1399994,196.3300018,202.0700073,146360000,202.0700073
37,TSLA,2/24/2023,196.3300018,197.6699982,192.8000031,196.8800049,142228100,196.8800049
38,TSLA,2/27/2023,202.0299988,209.4199982,201.2599945,207.6300049,161028300,207.6300049
39,TSLA,2/28/2023,210.5899963,211.2299957,203.75,205.7100067,153144900,205.7100067
40,TSLA,3/1/2023,206.2100067,207.1999969,198.5200043,202.7700043,156852800,202.7700043
41,TSLA,3/2/2023,186.7400055,193.75,186.0099945,190.8999939,181500700,190.8999939
42,TSLA,3/3/2023,194.8000031,200.4799957,192.8800049,197.7899933,154193300,197.7899933
43,TSLA,3/6/2023,198.5399933,198.6000061,192.3000031,193.8099976,128100100,193.8099976
44,TSLA,3/7/2023,191.3800049,194.1999969,186.1000061,187.7100067,148125800,187.7100067
45,TSLA,3/8/2023,185.0399933,186.5,180,182,151897800,182
46,TSLA,3/9/2023,180.25,185.1799927,172.5099945,172.9199982,170023800,172.9199982
47,TSLA,3/10/2023,175.1300049,178.2899933,168.4400024,173.4400024,191488900,173.4400024
48,TSLA,3/13/2023,167.4600067,177.3500061,163.9100037,174.4799957,167790300,174.4799957
49,TSLA,3/14/2023,177.3099976,183.8000031,177.1399994,183.2599945,143717900,183.2599945
50,TSLA,3/15/2023,180.8000031,182.3399963,176.0299988,180.4499969,145995600,180.4499969
51,TSLA,3/16/2023,180.3699951,185.8099976,178.8399963,184.1300049,121136800,184.1300049
52,TSLA,3/17/2023,184.5200043,186.2200012,177.3300018,180.1300049,133197100,180.1300049
53,TSLA,3/20/2023,178.0800018,186.4400024,176.3500061,183.25,129684400,183.25
54,TSLA,3/21/2023,188.2799988,198,188.0399933,197.5800018,153391400,197.5800018
55,TSLA,3/22/2023,199.3000031,200.6600037,190.9499969,191.1499939,150376400,191.1499939
56,TSLA,3/23/2023,195.2599945,199.3099976,188.6499939,192.2200012,144193900,192.2200012
57,TSLA,3/24/2023,191.6499939,192.3600006,187.1499939,190.4100037,116312400,190.4100037
58,TSLA,3/27/2023,194.4199982,197.3899994,189.9400024,191.8099976,120851600,191.8099976
59,TSLA,3/28/2023,192,192.3500061,185.4299927,189.1900024,98654600,189.1900024
60,TSLA,3/29/2023,193.1300049,195.2899933,189.4400024,193.8800049,123660000,193.8800049
61,TSLA,3/30/2023,195.5800018,197.3300018,194.4199982,195.2799988,110252200,195.2799988
62,TSLA,3/31/2023,197.5299988,207.7899933,197.1999969,207.4600067,170222100,207.4600067
63,TSLA,4/3/2023,199.9100037,202.6900024,192.1999969,194.7700043,169545900,194.7700043
64,TSLA,4/4/2023,197.3200073,198.7400055,190.3200073,192.5800018,126463800,192.5800018
65,TSLA,4/5/2023,190.5200043,190.6799927,183.7599945,185.5200043,133882500,185.5200043
66,TSLA,4/6/2023,183.0800018,186.3899994,179.7400055,185.0599976,123857900,185.0599976
67,TSLA,4/10/2023,179.9400024,185.1000061,176.1100006,184.5099945,142154600,184.5099945
68,TSLA,4/11/2023,186.6900024,189.1900024,185.6499939,186.7899933,115770900,186.7899933
69,TSLA,4/12/2023,190.7400055,191.5800018,180.3099976,180.5399933,150256300,180.5399933
70,TSLA,4/13/2023,182.9600067,186.5,180.9400024,185.8999939,112933000,185.8999939
71,TSLA,4/14/2023,183.9499969,186.2799988,182.0099945,185,96438700,185
72,TSLA,4/17/2023,186.3200073,189.6900024,182.6900024,187.0399933,116662200,187.0399933
73,TSLA,4/18/2023,187.1499939,187.6900024,183.5800018,184.3099976,92067000,184.3099976
74,TSLA,4/19/2023,179.1000061,183.5,177.6499939,180.5899963,125732700,180.5899963
75,TSLA,4/20/2023,166.1699982,169.6999969,160.5599976,162.9900055,210970800,162.9900055
76,TSLA,4/21/2023,164.8000031,166,161.3200073,165.0800018,123539000,165.0800018
77,TSLA,4/24/2023,164.6499939,165.6499939,158.6100006,162.5500031,140006600,162.5500031
78,TSLA,4/25/2023,159.8200073,163.4700012,158.75,160.6699982,121999300,160.6699982
79,TSLA,4/26/2023,160.2899933,160.6699982,153.1399994,153.75,153364100,153.75
80,TSLA,4/27/2023,152.6399994,160.4799957,152.3699951,160.1900024,127015200,160.1900024
81,TSLA,4/28/2023,160.8999939,165,157.3200073,164.3099976,122515800,164.3099976
82,TSLA,5/1/2023,163.1699982,163.2799988,158.8300018,161.8300018,109015000,161.8300018
83,TSLA,5/2/2023,161.8800049,165.4900055,158.9299927,160.3099976,128259700,160.3099976
84,TSLA,5/3/2023,160.0099945,165,159.9100037,160.6100006,119728000,160.6100006
85,TSLA,5/4/2023,162.7100067,162.9499969,159.6499939,161.1999969,95108500,161.1999969
86,TSLA,5/5/2023,163.9700012,170.7899933,163.5099945,170.0599976,107440900,170.0599976
87,TSLA,5/8/2023,173.7200012,173.8000031,169.1900024,171.7899933,112249400,171.7899933
88,TSLA,5/9/2023,168.9499969,169.8200073,166.5599976,169.1499939,88965000,169.1499939
89,TSLA,5/10/2023,172.5500031,174.4299927,166.6799927,168.5399933,119840700,168.5399933
90,TSLA,5/11/2023,168.6999969,173.5700073,166.7899933,172.0800018,103889900,172.0800018
91,TSLA,5/12/2023,176.0700073,177.3800049,167.2299957,167.9799957,157577100,167.9799957
92,TSLA,5/15/2023,167.6600037,169.7599945,164.5500031,166.3500061,105592500,166.3500061
93,TSLA,5/16/2023,165.6499939,169.5200043,164.3500061,166.5200043,98288800,166.5200043
94,TSLA,5/17/2023,168.4100037,174.5,167.1900024,173.8600006,125473600,173.8600006
95,TSLA,5/18/2023,174.2200012,177.0599976,172.4499969,176.8899994,109520300,176.8899994
96,TSLA,5/19/2023,177.1699982,181.9499969,176.3099976,180.1399994,136024200,180.1399994
97,TSLA,5/22/2023,180.6999969,189.3200073,180.1100006,188.8699951,132001400,188.8699951
98,TSLA,5/23/2023,186.1999969,192.9600067,185.2599945,185.7700043,156952100,185.7700043
99,TSLA,5/24/2023,182.2299957,184.2200012,178.2200012,182.8999939,137605100,182.8999939
100,TSLA,5/25/2023,186.5399933,186.7799988,180.5800018,184.4700012,96870700,184.4700012
101,TSLA,5/26/2023,184.6199951,198.6000061,184.5299988,193.1699982,162061500,193.1699982
102,TSLA,5/30/2023,200.1000061,204.4799957,197.5299988,201.1600037,128818700,201.1600037
103,TSLA,5/31/2023,199.7799988,203.9499969,195.1199951,203.9299927,150711700,203.9299927
104,TSLA,6/1/2023,202.5899963,209.8000031,199.3699951,207.5200043,148029900,207.5200043
105,TSLA,6/2/2023,210.1499939,217.25,209.75,213.9700012,164129000,213.9700012
106,TSLA,6/5/2023,217.8000031,221.2899933,214.5200043,217.6100006,151143100,217.6100006
107,TSLA,6/6/2023,216.1399994,221.9100037,212.5299988,221.3099976,146911600,221.3099976
108,TSLA,6/7/2023,228,230.8300018,223.1999969,224.5700073,185710800,224.5700073
109,TSLA,6/8/2023,224.2200012,235.2299957,223.0099945,234.8600006,164489700,234.8600006
110,TSLA,6/9/2023,249.0700073,252.4199982,242.0200043,244.3999939,199882300,244.3999939
111,TSLA,6/12/2023,247.9400024,250.9700012,244.5899963,249.8300018,150337900,249.8300018
112,TSLA,6/13/2023,253.5099945,259.6799927,251.3399963,258.7099915,162384300,258.7099915
113,TSLA,6/14/2023,260.1700134,261.5700073,250.5,256.7900085,170575500,256.7900085
114,TSLA,6/15/2023,248.3999939,258.9500122,247.2899933,255.8999939,160171200,255.8999939
115,TSLA,6/16/2023,258.9200134,263.6000061,257.2099915,260.5400085,167563700,260.5400085
116,TSLA,6/20/2023,261.5,274.75,261.1199951,274.4500122,165611200,274.4500122
117,TSLA,6/21/2023,275.1300049,276.9899902,257.7799988,259.4599915,211797100,259.4599915
118,TSLA,6/22/2023,250.7700043,265,248.25,264.6099854,166875900,264.6099854
119,TSLA,6/23/2023,259.2900085,262.4500122,252.8000031,256.6000061,176584100,256.6000061
120,TSLA,6/26/2023,250.0700073,258.3699951,240.6999969,241.0500031,179990600,241.0500031
121,TSLA,6/27/2023,243.2400055,250.3899994,240.8500061,250.2100067,164968200,250.2100067
122,TSLA,6/28/2023,249.6999969,259.8800049,248.8899994,256.2399902,159770800,256.2399902
123,TSLA,6/29/2023,258.0299988,260.7399902,253.6100006,257.5,131283400,257.5
124,TSLA,6/30/2023,260.6000061,264.4500122,259.8900146,261.769989,112267600,261.769989
125,TSLA,7/3/2023,276.4899902,284.25,275.1099854,279.8200073,119685900,279.8200073
126,TSLA,7/5/2023,278.8200073,283.8500061,277.6000061,282.480011,131530900,282.480011
127,TSLA,7/6/2023,278.0899963,279.9700012,272.8800049,276.5400085,120332100,276.5400085
128,TSLA,7/7/2023,278.4299927,280.7799988,273.769989,274.4299927,113602000,274.4299927
129,TSLA,7/10/2023,276.4700012,277.519989,265.1000061,269.6099854,119425400,269.6099854
130,TSLA,7/11/2023,268.6499939,270.8999939,266.3699951,269.7900085,91972400,269.7900085
131,TSLA,7/12/2023,276.3299866,276.519989,271.4599915,271.9899902,95672100,271.9899902
132,TSLA,7/13/2023,274.5899963,279.4500122,270.6000061,277.8999939,112681500,277.8999939
133,TSLA,7/14/2023,277.0100098,285.2999878,276.3099976,281.3800049,119771100,281.3800049
134,TSLA,7/17/2023,286.6300049,292.230011,283.5700073,290.3800049,131569600,290.3800049
135,TSLA,7/18/2023,290.1499939,295.2600098,286.0100098,293.3399963,112434700,293.3399963
136,TSLA,7/19/2023,296.0400085,299.2900085,289.519989,291.2600098,142355400,291.2600098
137,TSLA,7/20/2023,279.5599976,280.9299927,261.2000122,262.8999939,175158300,262.8999939
138,TSLA,7/21/2023,268,268,255.8000031,260.019989,161050100,260.019989
139,TSLA,7/24/2023,255.8500061,269.8500061,254.1199951,269.0599976,136508500,269.0599976
140,TSLA,7/25/2023,272.3800049,272.8999939,265,265.2799988,112757300,265.2799988
141,TSLA,7/26/2023,263.25,268.0400085,261.75,264.3500061,95856200,264.3500061
142,TSLA,7/27/2023,268.3099976,269.1300049,255.3000031,255.7100067,103697300,255.7100067
143,TSLA,7/28/2023,259.8599854,267.25,258.230011,266.4400024,111446000,266.4400024
144,TSLA,7/31/2023,267.480011,269.0799866,263.7799988,267.4299927,84582200,267.4299927
145,TSLA,8/1/2023,266.2600098,266.4700012,260.25,261.0700073,83166000,261.0700073
146,TSLA,8/2/2023,255.5700073,259.519989,250.4900055,254.1100006,101752900,254.1100006
147,TSLA,8/3/2023,252.0399933,260.4899902,252,259.3200073,97569100,259.3200073
148,TSLA,8/4/2023,260.9700012,264.769989,253.1100006,253.8600006,99242600,253.8600006
149,TSLA,8/7/2023,251.4499969,253.6499939,242.7599945,251.4499969,111097900,251.4499969
150,TSLA,8/8/2023,247.4499969,250.9199982,245.0099945,249.6999969,96642200,249.6999969
151,TSLA,8/9/2023,250.8699951,251.1000061,241.8999939,242.1900024,101596300,242.1900024
152,TSLA,8/10/2023,245.3999939,251.8000031,243,245.3399963,109498600,245.3399963
153,TSLA,8/11/2023,241.7700043,243.7899933,238.0200043,242.6499939,98866600,242.6499939
154,TSLA,8/14/2023,235.6999969,240.6600037,233.75,239.7599945,98595300,239.7599945
155,TSLA,8/15/2023,238.7299957,240.5,232.6100006,232.9600067,88197600,232.9600067
156,TSLA,8/16/2023,228.0200043,233.9700012,225.3800049,225.6000061,112484500,225.6000061
157,TSLA,8/17/2023,226.0599976,226.7400055,218.8300018,219.2200012,120718400,219.2200012
158,TSLA,8/18/2023,214.1199951,217.5800018,212.3600006,215.4900055,135813700,215.4900055
159,TSLA,8/21/2023,221.5500031,232.1300049,220.5800018,231.2799988,135702700,231.2799988
160,TSLA,8/22/2023,240.25,240.8200073,229.5500031,233.1900024,130597900,233.1900024
161,TSLA,8/23/2023,229.3399963,238.9799957,229.2899933,236.8600006,101077600,236.8600006
162,TSLA,8/24/2023,238.6600037,238.9199982,228.1799927,230.0399933,99777400,230.0399933
163,TSLA,8/25/2023,231.3099976,239,230.3500061,238.5899963,106612200,238.5899963
164,TSLA,8/28/2023,242.5800018,244.3800049,235.3500061,238.8200073,107673700,238.8200073
165,TSLA,8/29/2023,238.5800018,257.480011,237.7700043,257.1799927,134047600,257.1799927
166,TSLA,8/30/2023,254.1999969,260.5100098,250.5899963,256.8999939,121988400,256.8999939
167,TSLA,8/31/2023,255.9799957,261.1799927,255.0500031,258.0799866,108861700,258.0799866
168,TSLA,9/1/2023,257.2600098,259.0799866,242.0099945,245.0099945,132272500,245.0099945
169,TSLA,9/5/2023,245,258,244.8600006,256.4899902,129469600,256.4899902
170,TSLA,9/6/2023,255.1399994,255.3899994,245.0599976,251.9199982,116959800,251.9199982
171,TSLA,9/7/2023,245.0700073,252.8099976,243.2700043,251.4900055,115312900,251.4900055
172,TSLA,9/8/2023,251.2200012,256.519989,246.6699982,248.5,118367700,248.5
173,TSLA,9/11/2023,264.269989,274.8500061,260.6099854,273.5799866,174667900,273.5799866
174,TSLA,9/12/2023,270.7600098,278.3900146,266.6000061,267.480011,135999900,267.480011
175,TSLA,9/13/2023,270.0700073,274.980011,268.1000061,271.2999878,111673700,271.2999878
176,TSLA,9/14/2023,271.3200073,276.7099915,270.4200134,276.0400085,107709800,276.0400085
177,TSLA,9/15/2023,277.5499878,278.980011,271,274.3900146,133422800,274.3900146
178,TSLA,9/18/2023,271.1600037,271.4400024,263.7600098,265.2799988,101543300,265.2799988
179,TSLA,9/19/2023,264.3500061,267.8500061,261.2000122,266.5,103704000,266.5
180,TSLA,9/20/2023,267.0400085,273.9299927,262.4599915,262.5899963,122514600,262.5899963
181,TSLA,9/21/2023,257.8500061,260.8599854,254.2100067,255.6999969,119531000,255.6999969
182,TSLA,9/22/2023,257.3999939,257.7900085,244.4799957,244.8800049,127524100,244.8800049
183,TSLA,9/25/2023,243.3800049,247.1000061,238.3099976,246.9900055,104636600,246.9900055
184,TSLA,9/26/2023,242.9799957,249.5500031,241.6600037,244.1199951,101993600,244.1199951
185,TSLA,9/27/2023,244.2599945,245.3300018,234.5800018,240.5,136597200,240.5
186,TSLA,9/28/2023,240.0200043,247.5500031,238.6499939,246.3800049,117058900,246.3800049
187,TSLA,9/29/2023,250,254.7700043,246.3500061,250.2200012,128346200,250.2200012
188,TSLA,10/2/2023,244.8099976,254.2799988,242.6199951,251.6000061,123810400,251.6000061
189,TSLA,10/3/2023,248.6100006,250.0200043,244.4499969,246.5299988,101985300,246.5299988
190,TSLA,10/4/2023,248.1399994,261.8599854,247.6000061,261.1600037,129721600,261.1600037
191,TSLA,10/5/2023,260,263.6000061,256.25,260.0499878,119159200,260.0499878
192,TSLA,10/6/2023,253.9799957,261.6499939,250.6499939,260.5299988,117947000,260.5299988
193,TSLA,10/9/2023,255.3099976,261.3599854,252.0500031,259.6700134,101377900,259.6700134
194,TSLA,10/10/2023,257.75,268.9400024,257.6499939,263.6199951,122656000,263.6199951
195,TSLA,10/11/2023,266.2000122,268.6000061,260.8999939,262.9899902,103706300,262.9899902
196,TSLA,10/12/2023,262.9200134,265.4100037,256.6300049,258.8699951,111508100,258.8699951
197,TSLA,10/13/2023,258.8999939,259.6000061,250.2200012,251.1199951,102073800,251.1199951
198,TSLA,10/16/2023,250.0500031,255.3999939,248.4799957,253.9199982,88917200,253.9199982
199,TSLA,10/17/2023,250.1000061,257.1799927,247.0800018,254.8500061,93562900,254.8500061
200,TSLA,10/18/2023,252.6999969,254.6300049,242.0800018,242.6799927,125147800,242.6799927
201,TSLA,10/19/2023,225.9499969,230.6100006,216.7799988,220.1100006,170772700,220.1100006
202,TSLA,10/20/2023,217.0099945,218.8600006,210.4199982,211.9900055,137734000,211.9900055
203,TSLA,10/23/2023,210,216.9799957,202.5099945,212.0800018,150683400,212.0800018
204,TSLA,10/24/2023,216.5,222.0500031,214.1100006,216.5200043,118231100,216.5200043
205,TSLA,10/25/2023,215.8800049,220.1000061,212.1999969,212.4199982,107065100,212.4199982
206,TSLA,10/26/2023,211.3200073,214.8000031,204.8800049,205.7599945,115112600,205.7599945
207,TSLA,10/27/2023,210.6000061,212.4100037,205.7700043,207.3000031,94881200,207.3000031
208,TSLA,10/30/2023,209.2799988,210.8800049,194.6699982,197.3600006,136448200,197.3600006
209,TSLA,10/31/2023,196.1199951,202.8000031,194.0700073,200.8399963,118068300,200.8399963
210,TSLA,11/1/2023,204.0399933,205.9900055,197.8500061,205.6600037,121661700,205.6600037
211,TSLA,11/2/2023,212.9700012,219.1999969,211.4499969,218.5099945,125987600,218.5099945
212,TSLA,11/3/2023,221.1499939,226.3699951,218.3999939,219.9600067,119281000,219.9600067
213,TSLA,11/6/2023,223.9799957,226.3200073,215,219.2700043,117335800,219.2700043
214,TSLA,11/7/2023,219.9799957,223.1199951,215.7200012,222.1799927,116900100,222.1799927
215,TSLA,11/8/2023,223.1499939,224.1499939,217.6399994,222.1100006,106584800,222.1100006
216,TSLA,11/9/2023,219.75,220.8000031,206.6799927,209.9799957,142110500,209.9799957
217,TSLA,11/10/2023,210.0299988,215.3800049,205.6900024,214.6499939,130994000,214.6499939
218,TSLA,11/13/2023,215.6000061,225.3999939,211.6100006,223.7100067,140447600,223.7100067
219,TSLA,11/14/2023,235.0299988,238.1399994,230.7200012,237.4100037,149771600,237.4100037
220,TSLA,11/15/2023,239.2899933,246.6999969,236.4499969,242.8399963,150354000,242.8399963
221,TSLA,11/16/2023,239.4900055,240.8800049,230.9600067,233.5899963,136816800,233.5899963
222,TSLA,11/17/2023,232,237.3899994,226.5399933,234.3000031,142532800,234.3000031
223,TSLA,11/20/2023,234.0399933,237.1000061,231.0200043,235.6000061,116320100,235.6000061
224,TSLA,11/21/2023,235.0399933,243.6199951,233.3399963,241.1999969,122288000,241.1999969
225,TSLA,11/22/2023,242.0399933,244.0099945,231.3999939,234.2100067,117950600,234.2100067
226,TSLA,11/24/2023,233.75,238.75,232.3300018,235.4499969,65125200,235.4499969
227,TSLA,11/27/2023,236.8899994,238.3300018,232.1000061,236.0800018,112031800,236.0800018
228,TSLA,11/28/2023,236.6799927,247,234.0099945,246.7200012,148549900,246.7200012
229,TSLA,11/29/2023,249.2100067,252.75,242.7599945,244.1399994,135401300,244.1399994
230,TSLA,11/30/2023,245.1399994,245.2200012,236.9100037,240.0800018,132353200,240.0800018
231,TSLA,12/1/2023,233.1399994,240.1900024,231.8999939,238.8300018,121173500,238.8300018
232,TSLA,12/4/2023,235.75,239.3699951,233.2899933,235.5800018,104099800,235.5800018
233,TSLA,12/5/2023,233.8699951,246.6600037,233.6999969,238.7200012,137971100,238.7200012
234,TSLA,12/6/2023,242.9199982,246.5700073,239.1699982,239.3699951,126436200,239.3699951
235,TSLA,12/7/2023,241.5500031,244.0800018,236.9799957,242.6399994,107142300,242.6399994
236,TSLA,12/8/2023,240.2700043,245.2700043,239.2700043,243.8399963,102980100,243.8399963
237,TSLA,12/11/2023,242.7400055,243.4400024,237.4499969,239.7400055,97913900,239.7400055
238,TSLA,12/12/2023,238.5500031,238.9900055,233.8699951,237.0099945,95328300,237.0099945
239,TSLA,12/13/2023,234.1900024,240.3000031,228.1999969,239.2899933,146286300,239.2899933
240,TSLA,12/14/2023,241.2200012,253.8800049,240.7899933,251.0500031,160829200,251.0500031
241,TSLA,12/15/2023,251.2100067,254.1300049,248.3000031,253.5,135720800,253.5
242,TSLA,12/18/2023,253.7799988,258.7399902,251.3600006,252.0800018,116416500,252.0800018
243,TSLA,12/19/2023,253.4799957,258.3399963,253.0099945,257.2200012,106737400,257.2200012
244,TSLA,12/20/2023,256.4100037,259.8399963,247,247.1399994,125097000,247.1399994
245,TSLA,12/21/2023,251.8999939,254.8000031,248.5500031,254.5,109594200,254.5
246,TSLA,12/22/2023,256.7600098,258.2200012,251.3699951,252.5399933,93249800,252.5399933
247,TSLA,12/26/2023,254.4900055,257.9700012,252.9100037,256.6099854,86892400,256.6099854
248,TSLA,12/27/2023,258.3500061,263.3399963,257.519989,261.4400024,106494400,261.4400024
249,TSLA,12/28/2023,263.6600037,265.1300049,252.7100067,253.1799927,113619900,253.1799927
250,TSLA,12/29/2023,255.1000061,255.1900024,247.4299927,248.4799957,100615300,248.4799957
251,TSLA,1/2/2024,250.0800018,251.25,244.4100037,248.4199982,104654200,248.4199982
252,TSLA,1/3/2024,244.9799957,245.6799927,236.3200073,238.4499969,121082600,238.4499969
253,TSLA,1/4/2024,239.25,242.6999969,237.7299957,237.9299927,102629300,237.9299927
254,TSLA,1/5/2024,236.8600006,240.1199951,234.8999939,237.4900055,92379400,237.4900055
255,TSLA,1/8/2024,236.1399994,241.25,235.3000031,240.4499969,85166600,240.4499969
256,TSLA,1/9/2024,238.1100006,238.9600067,232.0399933,234.9600067,96705700,234.9600067
257,TSLA,1/10/2024,235.1000061,235.5,231.2899933,233.9400024,91628500,233.9400024
258,TSLA,1/11/2024,230.5700073,230.9299927,225.3699951,227.2200012,105873600,227.2200012
259,TSLA,1/12/2024,220.0800018,225.3399963,217.1499939,218.8899994,122889000,218.8899994
260,TSLA,1/16/2024,215.1000061,223.4900055,212.1799927,219.9100037,115355000,219.9100037
261,TSLA,1/17/2024,214.8600006,215.6699982,212.0099945,215.5500031,103164400,215.5500031
262,TSLA,1/18/2024,216.8800049,217.4499969,208.7400055,211.8800049,108595400,211.8800049
263,TSLA,1/19/2024,209.9900055,213.1900024,207.5599976,212.1900024,102095800,212.1900024
264,TSLA,1/22/2024,212.2599945,217.8000031,206.2700043,208.8000031,117952500,208.8000031
265,TSLA,1/23/2024,211.3000031,215.6499939,207.75,209.1399994,106605900,209.1399994
266,TSLA,1/24/2024,211.8800049,212.7299957,206.7700043,207.8300018,123369900,207.8300018
267,TSLA,1/25/2024,189.6999969,193,180.0599976,182.6300049,198076800,182.6300049
268,TSLA,1/26/2024,185.5,186.7799988,182.1000061,183.25,107343200,183.25
269,TSLA,1/29/2024,185.6300049,191.4799957,183.6699982,190.9299927,125013100,190.9299927
270,TSLA,1/30/2024,195.3300018,196.3600006,190.6100006,191.5899963,109982300,191.5899963
271,TSLA,1/31/2024,187,193.9700012,185.8500061,187.2899933,103221400,187.2899933
272,TSLA,2/1/2024,188.5,189.8800049,184.2799988,188.8600006,91843300,188.8600006
273,TSLA,2/2/2024,185.0399933,188.6900024,182,187.9100037,110505100,187.9100037
274,TSLA,2/5/2024,184.2599945,184.6799927,175.0099945,181.0599976,134294400,181.0599976
275,TSLA,2/6/2024,177.2100067,186.4900055,177.1100006,185.1000061,122676000,185.1000061
276,TSLA,2/7/2024,188.1799927,189.7899933,182.6799927,187.5800018,111535200,187.5800018
277,TSLA,2/8/2024,189,191.6199951,185.5800018,189.5599976,83034000,189.5599976
278,TSLA,2/9/2024,190.1799927,194.1199951,189.4799957,193.5700073,84476300,193.5700073
279,TSLA,2/12/2024,192.1100006,194.7299957,187.2799988,188.1300049,95498600,188.1300049
280,TSLA,2/13/2024,183.9900055,187.2599945,182.1100006,184.0200043,86759500,184.0200043
281,TSLA,2/14/2024,185.3000031,188.8899994,183.3500061,188.7100067,81203000,188.7100067
282,TSLA,2/15/2024,189.1600037,200.8800049,188.8600006,200.4499969,120831800,200.4499969
283,TSLA,2/16/2024,202.0599976,203.1699982,197.3999939,199.9499969,111173600,199.9499969
284,TSLA,2/20/2024,196.1300049,198.6000061,189.1300049,193.7599945,104545800,193.7599945
285,TSLA,2/21/2024,193.3600006,199.4400024,191.9499969,194.7700043,103844000,194.7700043
286,TSLA,2/22/2024,194,198.3200073,191.3600006,197.4100037,92739500,197.4100037
287,TSLA,2/23/2024,195.3099976,197.5700073,191.5,191.9700012,78841900,191.9700012
288,TSLA,2/26/2024,192.2899933,201.7799988,192,199.3999939,111747100,199.3999939
289,TSLA,2/27/2024,204.0399933,205.6000061,198.2599945,199.7299957,108645400,199.7299957
290,TSLA,2/28/2024,200.4199982,205.3000031,198.4400024,202.0399933,99806200,202.0399933
291,TSLA,2/29/2024,204.1799927,205.2799988,198.4499969,201.8800049,85907000,201.8800049
292,TSLA,3/1/2024,200.5200043,204.5200043,198.5,202.6399994,82099200,202.6399994
293,TSLA,3/4/2024,198.7299957,199.75,186.7200012,188.1399994,134334900,188.1399994
294,TSLA,3/5/2024,183.0500031,184.5899963,177.5700073,180.7400055,119660800,180.7400055
295,TSLA,3/6/2024,179.9900055,181.5800018,173.6999969,176.5399933,107920900,176.5399933
296,TSLA,3/7/2024,174.3500061,180.0399933,173.6999969,178.6499939,102129000,178.6499939
297,TSLA,3/8/2024,181.5,182.7299957,174.6999969,175.3399963,85315300,175.3399963
298,TSLA,3/11/2024,175.4499969,182.8699951,174.8000031,177.7700043,85391500,177.7700043
299,TSLA,3/12/2024,177.7700043,179.4299927,172.4100037,177.5399933,87391700,177.5399933
300,TSLA,3/13/2024,173.0500031,176.0500031,169.1499939,169.4799957,106524500,169.4799957
301,TSLA,3/14/2024,167.7700043,171.1699982,160.5099945,162.5,126325700,162.5
302,TSLA,3/15/2024,163.1600037,165.1799927,160.7599945,163.5700073,96971900,163.5700073
303,TSLA,3/18/2024,170.0200043,174.7200012,165.8999939,173.8000031,108214400,173.8000031
304,TSLA,3/19/2024,172.3600006,172.8200073,167.4199982,171.3200073,77271400,171.3200073
305,TSLA,3/20/2024,173,176.25,170.8200073,175.6600037,83846700,175.6600037
306,TSLA,3/21/2024,176.3899994,178.1799927,171.8000031,172.8200073,73178000,172.8200073
307,TSLA,3/22/2024,166.6900024,171.1999969,166.3000031,170.8300018,75454700,170.8300018
308,TSLA,3/25/2024,168.7599945,175.2400055,168.7299957,172.6300049,74228600,172.6300049
309,TSLA,3/26/2024,178.5800018,184.25,177.3800049,177.6699982,113186200,177.6699982
310,TSLA,3/27/2024,181.4100037,181.9100037,176,179.8300018,81804000,179.8300018
311,TSLA,3/28/2024,177.4499969,179.5700073,175.3000031,175.7899933,77654800,175.7899933
312,TSLA,4/1/2024,176.1699982,176.75,170.2100067,175.2200012,81562100,175.2200012
313,TSLA,4/2/2024,164.75,167.6900024,163.4299927,166.6300049,116650600,166.6300049
314,TSLA,4/3/2024,164.0200043,168.8200073,163.2799988,168.3800049,82950100,168.3800049
315,TSLA,4/4/2024,170.0700073,177.1900024,168.0099945,171.1100006,123162000,171.1100006
316,TSLA,4/5/2024,169.0800018,170.8600006,160.5099945,164.8999939,141250700,164.8999939
317,TSLA,4/8/2024,169.3399963,174.5,167.7899933,172.9799957,104423300,172.9799957
318,TSLA,4/9/2024,172.9100037,179.2200012,171.9199982,176.8800049,103232700,176.8800049
319,TSLA,4/10/2024,173.0399933,174.9299927,170.0099945,171.7599945,84532400,171.7599945
320,TSLA,4/11/2024,172.5500031,175.8800049,168.5099945,174.6000061,94516000,174.6000061
321,TSLA,4/12/2024,172.3399963,173.8099976,170.3600006,171.0500031,64506600,171.0500031
322,TSLA,4/15/2024,170.2400055,170.6900024,161.3800049,161.4799957,100245300,161.4799957
323,TSLA,4/16/2024,156.7400055,158.1900024,153.75,157.1100006,9.70E+07,157.1100006
324,TSLA,4/17/2024,157.6399994,158.3300018,153.7799988,155.4499969,82439700,155.4499969
325,TSLA,4/18/2024,151.25,152.1999969,148.6999969,149.9299927,96098800,149.9299927
326,TSLA,4/19/2024,148.9700012,150.9400024,146.2200012,147.0500031,86005100,147.0500031
327,TSLA,4/22/2024,140.5599976,144.4400024,138.8000031,142.0500031,107097600,142.0500031
328,TSLA,4/23/2024,143.3300018,147.2599945,141.1100006,144.6799927,124545100,144.6799927
329,TSLA,4/24/2024,162.8399963,167.9700012,157.5099945,162.1300049,181178000,162.1300049
330,TSLA,4/25/2024,158.9600067,170.8800049,158.3600006,170.1799927,126427500,170.1799927
331,TSLA,4/26/2024,168.8500061,172.1199951,166.3699951,168.2899933,109815700,168.2899933
332,TSLA,4/29/2024,188.4199982,198.8699951,184.5399933,194.0500031,243869700,194.0500031
333,TSLA,4/30/2024,186.9799957,190.9499969,182.8399963,183.2799988,127031800,183.2799988
334,TSLA,5/1/2024,182,185.8600006,179.0099945,179.9900055,92829700,179.9900055
335,TSLA,5/2/2024,182.8600006,184.6000061,176.0200043,180.0099945,89148000,180.0099945
336,TSLA,5/3/2024,182.1000061,184.7799988,178.4199982,181.1900024,75491500,181.1900024
337,TSLA,5/6/2024,183.8000031,187.5599976,182.1999969,184.7599945,84390300,184.7599945
338,TSLA,5/7/2024,182.3999939,183.2599945,177.3999939,177.8099976,75045900,177.8099976
339,TSLA,5/8/2024,171.5899963,176.0599976,170.1499939,174.7200012,79969500,174.7200012
340,TSLA,5/9/2024,175.0099945,175.6199951,171.3699951,171.9700012,65950300,171.9700012
341,TSLA,5/10/2024,173.0500031,173.0599976,167.75,168.4700012,72627200,168.4700012
342,TSLA,5/13/2024,170,175.3999939,169,171.8899994,67018900,171.8899994
343,TSLA,5/14/2024,174.5,179.4900055,174.0700073,177.5500031,86407400,177.5500031
344,TSLA,5/15/2024,179.8999939,180,173.1100006,173.9900055,79663000,173.9900055
345,TSLA,5/16/2024,174.1000061,175.7899933,171.4299927,174.8399963,59812200,174.8399963
346,TSLA,5/17/2024,173.5500031,179.6300049,172.75,177.4600067,77445800,177.4600067
347,TSLA,5/20/2024,177.5599976,177.75,173.5200043,174.9499969,61727400,174.9499969
348,TSLA,5/21/2024,175.5099945,186.8800049,174.7100067,186.6000061,115266500,186.6000061
349,TSLA,5/22/2024,182.8500061,183.8000031,178.1199951,180.1100006,88313500,180.1100006
350,TSLA,5/23/2024,181.8000031,181.8999939,173.2599945,173.7400055,71975500,173.7400055
351,TSLA,5/24/2024,174.8399963,180.0800018,173.7299957,179.2400055,65479700,179.2400055
352,TSLA,5/28/2024,176.3999939,178.25,173.1600037,176.75,59736600,176.75
353,TSLA,5/29/2024,174.1900024,178.1499939,173.9299927,176.1900024,54782600,176.1900024
354,TSLA,5/30/2024,178.5800018,182.6699982,175.3800049,178.7899933,77784800,178.7899933
355,TSLA,5/31/2024,178.5,180.3200073,173.8200073,178.0800018,67314600,178.0800018
356,TSLA,6/3/2024,178.1300049,182.6399994,174.4900055,176.2899933,68568900,176.2899933
357,TSLA,6/4/2024,174.7799988,177.7599945,174,174.7700043,60056300,174.7700043
358,TSLA,6/5/2024,175.3500061,176.1499939,172.1300049,175,57953800,175
359,TSLA,6/6/2024,174.6000061,179.7299957,172.7299957,177.9400024,69887000,177.9400024
360,TSLA,6/7/2024,176.1300049,179.3500061,175.5800018,177.4799957,56244900,177.4799957
361,TSLA,6/10/2024,176.0599976,178.5700073,173.1699982,173.7899933,50869700,173.7899933
362,TSLA,6/11/2024,173.9199982,174.75,167.4100037,170.6600037,64761900,170.6600037
363,TSLA,6/12/2024,171.1199951,180.5500031,169.8000031,177.2899933,90389400,177.2899933
364,TSLA,6/13/2024,188.3899994,191.0800018,181.2299957,182.4700012,118984100,182.4700012
365,TSLA,6/14/2024,185.8000031,186,176.9199982,178.0099945,82038200,178.0099945
366,TSLA,6/17/2024,177.9199982,188.8099976,177,187.4400024,109786100,187.4400024
367,TSLA,6/18/2024,186.5599976,187.1999969,182.3699951,184.8600006,68982300,184.8600006
368,TSLA,6/20/2024,184.6799927,185.2100067,179.6600037,181.5700073,55893100,181.5700073
369,TSLA,6/21/2024,182.3000031,183.9499969,180.6900024,183.0099945,63029500,183.0099945
370,TSLA,6/24/2024,184.9700012,188.8000031,182.5500031,182.5800018,61992100,182.5800018
371,TSLA,6/25/2024,184.3999939,187.9700012,182.0099945,187.3500061,63678300,187.3500061
372,TSLA,6/26/2024,186.5399933,197.7599945,186.3600006,196.3699951,95737100,196.3699951
373,TSLA,6/27/2024,195.1699982,198.7200012,194.0500031,197.4199982,72746500,197.4199982
374,TSLA,6/28/2024,199.5500031,203.1999969,195.2599945,197.8800049,95438100,197.8800049
375,TSLA,7/1/2024,201.0200043,213.2299957,200.8500061,209.8600006,135691400,209.8600006
376,TSLA,7/2/2024,218.8899994,231.3000031,218.0599976,231.2599945,205047900,231.2599945
377,TSLA,7/3/2024,234.5599976,248.3500061,234.25,246.3899994,166561500,246.3899994
378,TSLA,7/5/2024,249.8099976,252.3699951,242.4600067,251.5200043,154501200,251.5200043
379,TSLA,7/8/2024,247.7100067,259.4400024,244.5700073,252.9400024,157219600,252.9400024
380,TSLA,7/9/2024,251,265.6099854,250.3000031,262.3299866,160210900,262.3299866
381,TSLA,7/10/2024,262.7999878,267.5899963,257.8599854,263.2600098,128519400,263.2600098
382,TSLA,7/11/2024,263.2999878,271,239.6499939,241.0299988,221707300,241.0299988
383,TSLA,7/12/2024,235.8000031,251.8399963,233.0899963,248.2299957,155955800,248.2299957
384,TSLA,7/15/2024,255.9700012,265.6000061,251.7299957,252.6399994,146912900,252.6399994
385,TSLA,7/16/2024,255.3099976,258.6199951,245.8000031,256.5599976,126332500,256.5599976
386,TSLA,7/17/2024,252.7299957,258.4700012,246.1799927,248.5,115584800,248.5
387,TSLA,7/18/2024,251.0899963,257.1400146,247.1999969,249.2299957,110869000,249.2299957
388,TSLA,7/19/2024,247.7899933,249.4400024,236.8300018,239.1999969,87403900,239.1999969
389,TSLA,7/22/2024,244.2100067,253.2100067,243.75,251.5099945,101225400,251.5099945
390,TSLA,7/23/2024,253.6000061,255.7599945,245.6300049,246.3800049,111928200,246.3800049
391,TSLA,7/24/2024,225.4199982,225.9900055,214.7100067,215.9900055,167942900,215.9900055
392,TSLA,7/25/2024,216.8000031,226,216.2299957,220.25,100636500,220.25
393,TSLA,7/26/2024,221.1900024,222.2799988,215.3300018,219.8000031,94604100,219.8000031
394,TSLA,7/29/2024,224.8999939,234.2700043,224.6999969,232.1000061,129201800,232.1000061
395,TSLA,7/30/2024,232.25,232.4100037,220,222.6199951,100560300,222.6199951
396,TSLA,7/31/2024,227.8999939,234.6799927,226.7899933,232.0700073,67497000,232.0700073
397,TSLA,8/1/2024,227.6900024,231.8699951,214.3300018,216.8600006,83861900,216.8600006
398,TSLA,8/2/2024,214.8800049,216.1300049,205.7799988,207.6699982,82880100,207.6699982
399,TSLA,8/5/2024,185.2200012,203.8800049,182,198.8800049,100308800,198.8800049
400,TSLA,8/6/2024,200.75,202.8999939,192.6699982,200.6399994,73783900,200.6399994
401,TSLA,8/7/2024,200.7700043,203.4900055,191.4799957,191.7599945,71159800,191.7599945
402,TSLA,8/8/2024,195.6999969,200.6999969,192.0399933,198.8399963,65033900,198.8399963
403,TSLA,8/9/2024,197.0500031,200.8800049,195.1100006,200,58648300,200
404,TSLA,8/12/2024,199.0200043,199.2599945,194.6699982,197.4900055,64044900,197.4900055
405,TSLA,8/13/2024,198.4700012,208.4900055,197.0599976,207.8300018,76247400,207.8300018
406,TSLA,8/14/2024,207.3899994,208.4400024,198.75,201.3800049,70250000,201.3800049
407,TSLA,8/15/2024,205.0200043,215.8800049,204.8200073,214.1399994,89848500,214.1399994
408,TSLA,8/16/2024,211.1499939,219.8000031,210.8000031,216.1199951,88765100,216.1199951
409,TSLA,8/19/2024,217.0700073,222.9799957,214.0899963,222.7200012,76435200,222.7200012
410,TSLA,8/20/2024,224.8800049,228.2200012,219.5599976,221.1000061,74001200,221.1000061
411,TSLA,8/21/2024,222.6699982,224.6600037,218.8600006,223.2700043,70146000,223.2700043
412,TSLA,8/22/2024,223.8200073,224.8000031,210.3200073,210.6600037,79514500,210.6600037
413,TSLA,8/23/2024,214.4600067,221.4799957,214.2100067,220.3200073,81525200,220.3200073
414,TSLA,8/26/2024,218.75,219.0899963,211.0099945,213.2100067,59301200,213.2100067
415,TSLA,8/27/2024,213.25,215.6600037,206.9400024,209.2100067,62821400,209.2100067
416,TSLA,8/28/2024,209.7200012,211.8399963,202.5899963,205.75,64116400,205.75
417,TSLA,8/29/2024,209.8000031,214.8899994,205.9700012,206.2799988,62308800,206.2799988
418,TSLA,8/30/2024,208.6300049,214.5700073,207.0299988,214.1100006,63370600,214.1100006
419,TSLA,9/3/2024,215.2599945,219.8999939,209.6399994,210.6000061,76714200,210.6000061
420,TSLA,9/4/2024,210.5899963,222.2200012,210.5700073,219.4100037,80651800,219.4100037
421,TSLA,9/5/2024,223.4900055,235,222.25,230.1699982,119355000,230.1699982
422,TSLA,9/6/2024,232.6000061,233.6000061,210.5099945,210.7299957,112177000,210.7299957
423,TSLA,9/9/2024,216.1999969,219.8699951,213.6699982,216.2700043,67443500,216.2700043
424,TSLA,9/10/2024,220.0700073,226.3999939,218.6399994,226.1699982,78891100,226.1699982
425,TSLA,9/11/2024,224.5500031,228.4700012,216.8000031,228.1300049,83548600,228.1300049
426,TSLA,9/12/2024,224.6600037,231.4499969,223.8300018,229.8099976,72020000,229.8099976
427,TSLA,9/13/2024,228,232.6699982,226.3200073,230.2899933,59515100,230.2899933
428,TSLA,9/16/2024,229.3000031,229.9600067,223.5299988,226.7799988,54323000,226.7799988
429,TSLA,9/17/2024,229.4499969,234.5700073,226.5500031,227.8699951,66761600,227.8699951
430,TSLA,9/18/2024,230.0899963,235.6799927,226.8800049,227.1999969,77742000,227.1999969
